addr_state,proportion
CA,0.1318057934236505
TX,0.08459126832848746
NY,0.08114889815705174
FL,0.07452020187651848
IL,0.04112067641151402
