purpose,proportion
debt_consolidation,0.5514278723876394
credit_card,0.24565436327531565
home_improvement,0.0663780006941639
other,0.06339650983493693
major_purchase,0.0210297523200437
