home_ownership,proportion
MORTGAGE,0.48934003220465316
RENT,0.39137757395406003
OWN,0.11758112329375081
ANY,0.0017012705475360026
