index,annual_inc
count,175751.0
mean,81094.01574245607
std,86032.26780551822
min,34.0
25%,48000.0
50%,68000.0
75%,97000.0
max,9550000.0
