emp_length,proportion
10+ years,0.3253807944193774
< 1 year,0.09716018685526683
2 years,0.08931385881161416
3 years,0.07939072892899614
n/a,0.07585732086872905
1 year,0.06553021035442189
5 years,0.06122867010714021
4 years,0.060636923829736386
6 years,0.04281625709099806
7 years,0.036233079754880486
8 years,0.03529994139435907
9 years,0.031152027584480317
