index,int_rate
count,175751.0
mean,0.12925553083623995
std,0.04933811447935142
min,0.0531
25%,0.0899
50%,0.124
75%,0.1599
max,0.3099
